{
  "tracks": {
    "0": [
      {
        "startTime": 0.8467724999999999,
        "duration": 0.12096749999999999
      },
      {
        "startTime": 1.5725775,
        "duration": 0.12096749999999999
      },
      {
        "startTime": 2.4193499999999997,
        "duration": 0.36290249999999996
      },
      {
        "startTime": 3.2661225,
        "duration": 0.36290249999999996
      }
    ]
  }
}