{
  "tracks": {
    "0": [
      {
        "startTime": 0.8467724999999999,
        "startDeltaTime": 0.8467724999999999,
        "duration": 0.6048374999999999
      },
      {
        "startTime": 2.4193499999999997,
        "startDeltaTime": 0.9677399999999999,
        "duration": 0.6048374999999999
      }
    ]
  }
}